{
    "video_file": "Processing...",
    "process_date": "2026-01-19 17:33:02",
    "mode": "ZOOM_IN",
    "events": [
        {
            "frame": 0,
            "time": 0.0,
            "params": {
                "cx": 640.0,
                "cy": 360.0,
                "h": 720.0,
                "act": "ZOOM-IN 0%"
            }
        },
        {
            "frame": 30,
            "time": 1.0,
            "params": {
                "cx": 638.9645581973706,
                "cy": 381.22047334313964,
                "h": 677.5590533137207,
                "act": "ZOOM-IN 20%"
            }
        },
        {
            "frame": 60,
            "time": 2.0,
            "params": {
                "cx": 637.9291163947411,
                "cy": 402.44094668627923,
                "h": 635.1181066274415,
                "act": "ZOOM-IN 39%"
            }
        },
        {
            "frame": 90,
            "time": 3.0,
            "params": {
                "cx": 636.8936745921117,
                "cy": 423.6614200294189,
                "h": 592.6771599411622,
                "act": "ZOOM-IN 59%"
            }
        }
    ]
}