{
    "video_file": "Processing...",
    "process_date": "2026-01-19 18:13:59",
    "mode": "ZOOM_OUT",
    "events": [
        {
            "frame": 0,
            "time": 0.0,
            "params": {
                "cx": 620.0159426914862,
                "cy": 462.99393432114,
                "h": 514.01213135772,
                "act": "ZOOM-OUT 0%"
            }
        },
        {
            "frame": 25,
            "time": 1.0,
            "params": {
                "cx": 623.6362429109605,
                "cy": 444.33561288615084,
                "h": 551.3287742276983,
                "act": "ZOOM-OUT 18%"
            }
        },
        {
            "frame": 50,
            "time": 2.0,
            "params": {
                "cx": 627.2565431304348,
                "cy": 425.67729145116175,
                "h": 588.6454170976765,
                "act": "ZOOM-OUT 36%"
            }
        },
        {
            "frame": 75,
            "time": 3.0,
            "params": {
                "cx": 630.8768433499091,
                "cy": 407.0189700161726,
                "h": 625.9620599676548,
                "act": "ZOOM-OUT 54%"
            }
        }
    ]
}